"Campaign","Ad group","Keyword","Criterion Type"
"Angel Tech | Pesquisa | São José","Troca de tela","troca de tela celular","Phrase"
"Angel Tech | Pesquisa | São José","Troca de tela","conserto tela celular","Phrase"
"Angel Tech | Pesquisa | São José","Troca de tela","tela quebrada celular","Phrase"
"Angel Tech | Pesquisa | São José","Troca de tela","troca de tela iphone","Phrase"
"Angel Tech | Pesquisa | São José","Troca de tela","trocar tela celular são josé","Phrase"
"Angel Tech | Pesquisa | São José","Troca de tela","assistência técnica celular são josé","Phrase"
"Angel Tech | Pesquisa | São José","Troca de tela","assistência técnica celular perto de mim","Phrase"
"Angel Tech | Pesquisa | São José","Troca de tela","conserto de celular ipiranga","Exact"
"Angel Tech | Pesquisa | São José","Troca de tela","troca de tela celular são josé","Exact"
"Angel Tech | Pesquisa | São José","Troca de bateria","troca de bateria celular","Phrase"
"Angel Tech | Pesquisa | São José","Troca de bateria","trocar bateria iphone","Phrase"
"Angel Tech | Pesquisa | São José","Troca de bateria","bateria celular viciada","Phrase"
"Angel Tech | Pesquisa | São José","Troca de bateria","bateria estufada celular","Phrase"
"Angel Tech | Pesquisa | São José","Troca de bateria","celular descarregando rápido","Phrase"
"Angel Tech | Pesquisa | São José","Troca de bateria","troca de bateria celular são josé","Exact"
"Angel Tech | Pesquisa | São José","Celular molhado","celular molhou","Phrase"
"Angel Tech | Pesquisa | São José","Celular molhado","celular caiu na água","Phrase"
"Angel Tech | Pesquisa | São José","Celular molhado","banho químico celular","Phrase"
"Angel Tech | Pesquisa | São José","Celular molhado","celular molhado conserto","Phrase"
"Angel Tech | Pesquisa | São José","Celular molhado","celular caiu na água o que fazer","Phrase"
"Angel Tech | Pesquisa | São José","","curso","Campaign Negative Phrase"
"Angel Tech | Pesquisa | São José","","apostila","Campaign Negative Phrase"
"Angel Tech | Pesquisa | São José","","pdf","Campaign Negative Phrase"
"Angel Tech | Pesquisa | São José","","tutorial","Campaign Negative Phrase"
"Angel Tech | Pesquisa | São José","","como trocar","Campaign Negative Phrase"
"Angel Tech | Pesquisa | São José","","sozinho","Campaign Negative Phrase"
"Angel Tech | Pesquisa | São José","","vaga","Campaign Negative Phrase"
"Angel Tech | Pesquisa | São José","","emprego","Campaign Negative Phrase"
"Angel Tech | Pesquisa | São José","","salário","Campaign Negative Phrase"
"Angel Tech | Pesquisa | São José","","atacado","Campaign Negative Phrase"
"Angel Tech | Pesquisa | São José","","fornecedor","Campaign Negative Phrase"
"Angel Tech | Pesquisa | São José","","grátis","Campaign Negative Phrase"
"Angel Tech | Pesquisa | São José","","mercado livre","Campaign Negative Phrase"
"Angel Tech | Pesquisa | São José","","shopee","Campaign Negative Phrase"
"Angel Tech | Pesquisa | São José","","aliexpress","Campaign Negative Phrase"
"Angel Tech | Pesquisa | São José","","comprar celular","Campaign Negative Phrase"
"Angel Tech | Pesquisa | São José","","celular usado","Campaign Negative Phrase"
"Angel Tech | Pesquisa | São José","","autorizada","Campaign Negative Phrase"
